{
  "builtin_entity_scope": [],
  "config": {
    "unit_name": "tfidf_vectorizer",
    "use_stemming": false,
    "word_clusters_name": null
  },
  "language_code": "en",
  "vectorizer": {
    "idf_diag": [
      3.662587827025453,
      3.662587827025453,
      1.9113197191521345,
      1.67667234335644,
      3.662587827025453,
      2.9004477749785558,
      3.662587827025453,
      3.662587827025453,
      3.662587827025453,
      3.662587827025453,
      3.662587827025453,
      3.662587827025453,
      3.662587827025453,
      3.571616048819726,
      3.662587827025453,
      3.662587827025453,
      2.8784688682597808,
      3.6160678113905598,
      3.6160678113905598,
      3.571616048819726,
      3.662587827025453,
      3.0182308106349396,
      3.662587827025453,
      2.993538198044568,
      3.662587827025453,
      3.662587827025453,
      3.662587827025453,
      3.662587827025453,
      3.662587827025453,
      3.52905643440093,
      2.9459101490553135,
      3.662587827025453,
      2.922920630830615,
      3.662587827025453,
      2.79508725932073,
      3.662587827025453,
      3.662587827025453,
      2.43044414573282,
      3.2106027032823956,
      3.662587827025453,
      3.662587827025453,
      3.662587827025453,
      3.662587827025453,
      3.6160678113905598,
      3.6160678113905598,
      3.6160678113905598,
      3.6160678113905598,
      3.6160678113905598,
      3.6160678113905598,
      3.6160678113905598,
      3.6160678113905598,
      2.579975879703784,
      3.662587827025453,
      3.571616048819726,
      3.151762203259462,
      3.2731230602637296,
      2.300391017484623,
      3.662587827025453,
      3.662587827025453,
      3.662587827025453,
      3.662587827025453,
      3.6160678113905598,
      3.662587827025453,
      2.922920630830615,
      3.662587827025453,
      3.662587827025453,
      3.52905643440093,
      3.571616048819726,
      3.662587827025453,
      3.6160678113905598,
      3.662587827025453,
      3.662587827025453,
      3.662587827025453,
      2.993538198044568,
      2.17451077159562,
      2.7558665461674483,
      3.52905643440093,
      2.4730037601516166,
      3.662587827025453,
      3.662587827025453,
      3.6160678113905598,
      2.993538198044568,
      3.571616048819726,
      2.0919897479076166,
      2.563975538357343,
      3.571616048819726,
      2.458615022699517
    ],
    "vocab": {
      "2d12": 0,
      "4d6": 1,
      "?": 2,
      "a": 3,
      "bye": 4,
      "can": 5,
      "chickens": 6,
      "closest": 7,
      "coin": 8,
      "command": 9,
      "commands": 10,
      "cup": 11,
      "d20": 12,
      "date": 13,
      "dice": 14,
      "die": 15,
      "do": 16,
      "fact": 17,
      "fat": 18,
      "find": 19,
      "flip": 20,
      "for": 21,
      "girl": 22,
      "give": 23,
      "goldfish": 24,
      "goodbye": 25,
      "greetings": 26,
      "heads": 27,
      "hello": 28,
      "help": 29,
      "hey": 30,
      "hi": 31,
      "how": 32,
      "howdy": 33,
      "i": 34,
      "im": 35,
      "indiana": 36,
      "is": 37,
      "it": 38,
      "joke": 39,
      "jones": 40,
      "later": 41,
      "leaving": 42,
      "list": 43,
      "little": 44,
      "live": 45,
      "local": 46,
      "long": 47,
      "look": 48,
      "m": 49,
      "many": 50,
      "me": 51,
      "movies": 52,
      "news": 53,
      "of": 54,
      "or": 55,
      "please": 56,
      "quarts": 57,
      "random": 58,
      "recipe": 59,
      "resteraunt": 60,
      "roll": 61,
      "rolling": 62,
      "s": 63,
      "satisfaction": 64,
      "say": 65,
      "search": 66,
      "see": 67,
      "sentence": 68,
      "should": 69,
      "spell": 70,
      "stones": 71,
      "tails": 72,
      "tell": 73,
      "the": 74,
      "this": 75,
      "time": 76,
      "to": 77,
      "toss": 78,
      "train": 79,
      "type": 80,
      "up": 81,
      "use": 82,
      "voithos": 83,
      "what": 84,
      "where": 85,
      "you": 86
    }
  }
}